SET DEFINE OFF

-- import APARTMENT Table

INSERT INTO APARTMENT (APARTMENT_ID, TENANTS_NUMBER, "size") 
VALUES (1, 2, 50);

INSERT INTO APARTMENT (APARTMENT_ID, TENANTS_NUMBER, "size") 
VALUES (2, 2, 50);

INSERT INTO APARTMENT (APARTMENT_ID, TENANTS_NUMBER, "size") 
VALUES (3, 3, 80);

INSERT INTO APARTMENT (APARTMENT_ID, TENANTS_NUMBER, "size") 
VALUES (4, 4, 100);

INSERT INTO APARTMENT (APARTMENT_ID, TENANTS_NUMBER, "size") 
VALUES (5, 3, 80);

INSERT INTO APARTMENT (APARTMENT_ID, TENANTS_NUMBER, "size") 
VALUES (6, 2, 50);

INSERT INTO APARTMENT (APARTMENT_ID, TENANTS_NUMBER, "size") 
VALUES (7, 3, 80);

INSERT INTO APARTMENT (APARTMENT_ID, TENANTS_NUMBER, "size") 
VALUES (8, 3, 80);

INSERT INTO APARTMENT (APARTMENT_ID, TENANTS_NUMBER, "size") 
VALUES (9, 3, 80);

INSERT INTO APARTMENT (APARTMENT_ID, TENANTS_NUMBER, "size") 
VALUES (10, 4, 100);

INSERT INTO APARTMENT (APARTMENT_ID, TENANTS_NUMBER, "size") 
VALUES (11, 5, 120);

INSERT INTO APARTMENT (APARTMENT_ID, TENANTS_NUMBER, "size") 
VALUES (12, 4, 100);

-- import TENANTS Table

INSERT INTO TENANT (TENANT_ID, FIRST_NAME, LAST_NAME, AGE, PHONE) 
VALUES (204573044, 'Tal', 'Moshe', 23, 507275509);

INSERT INTO TENANT (TENANT_ID, FIRST_NAME, LAST_NAME, AGE, PHONE) 
VALUES (313548970, 'Meytal', 'Levi', 25, 543216487);

INSERT INTO TENANT (TENANT_ID, FIRST_NAME, LAST_NAME, AGE, PHONE) 
VALUES (321164578, 'Elad', 'Marciano', 28, 525546987);

INSERT INTO TENANT (TENANT_ID, FIRST_NAME, LAST_NAME, AGE, PHONE) 
VALUES (203224684, 'Gad', 'Pariente', 29, 525234506);

INSERT INTO TENANT (TENANT_ID, FIRST_NAME, LAST_NAME, AGE, PHONE) 
VALUES (202546791, 'Had', 'Baron', 31, 505262711);

INSERT INTO TENANT (TENANT_ID, FIRST_NAME, LAST_NAME, AGE, PHONE) 
VALUES (204579231, 'Alon', 'Fainberg', 19, 505259194);

INSERT INTO TENANT (TENANT_ID, FIRST_NAME, LAST_NAME, AGE, PHONE) 
VALUES (214597456, 'Noy', 'Kolani', 22, 505311369);

INSERT INTO TENANT (TENANT_ID, FIRST_NAME, LAST_NAME, AGE, PHONE) 
VALUES (226547891, 'Amit', 'Klien', 28, 523231955);

INSERT INTO TENANT (TENANT_ID, FIRST_NAME, LAST_NAME, AGE, PHONE) 
VALUES (235445789, 'Eitan', 'Naor', 33, 528577755);

INSERT INTO TENANT (TENANT_ID, FIRST_NAME, LAST_NAME, AGE, PHONE) 
VALUES (345561842, 'Linoy', 'Keshet', 35, 522510176);

INSERT INTO TENANT (TENANT_ID, FIRST_NAME, LAST_NAME, AGE, PHONE) 
VALUES (215433664, 'Neta', 'Shaked', 32, 528702056);

INSERT INTO TENANT (TENANT_ID, FIRST_NAME, LAST_NAME, AGE, PHONE) 
VALUES (369842154, 'Shaked', 'Revah', 40, 574805451);

INSERT INTO TENANT (TENANT_ID, FIRST_NAME, LAST_NAME, AGE, PHONE) 
VALUES (313654789, 'Mai', 'Bikovski', 25, 576654018);

INSERT INTO TENANT (TENANT_ID, FIRST_NAME, LAST_NAME, AGE, PHONE) 
VALUES (201269457, 'Orel', 'Shtienberg', 25, 546666156);

INSERT INTO TENANT (TENANT_ID, FIRST_NAME, LAST_NAME, AGE, PHONE) 
VALUES (205668941, 'Yarden', 'Idan', 26, 545580141);

INSERT INTO TENANT (TENANT_ID, FIRST_NAME, LAST_NAME, AGE, PHONE) 
VALUES (206987423, 'Hadar', 'Barda', 22, 575508107);

INSERT INTO TENANT (TENANT_ID, FIRST_NAME, LAST_NAME, AGE, PHONE) 
VALUES (305496671, 'Shani', 'Oz', 27, 525608726);

INSERT INTO TENANT (TENANT_ID, FIRST_NAME, LAST_NAME, AGE, PHONE) 
VALUES (300665482, 'Noa', 'Ran', 29, 522752447);

INSERT INTO TENANT (TENANT_ID, FIRST_NAME, LAST_NAME, AGE, PHONE) 
VALUES (311654789, 'Ludmila', 'Erlich', 30, 542226568);

INSERT INTO TENANT (TENANT_ID, FIRST_NAME, LAST_NAME, AGE, PHONE) 
VALUES (202235466, 'Rika', 'Birenbaum', 31, 522935049);

INSERT INTO TENANT (TENANT_ID, FIRST_NAME, LAST_NAME, AGE, PHONE) 
VALUES (207998453, 'Mika', 'Meyshar', 27, 505255343);

INSERT INTO TENANT (TENANT_ID, FIRST_NAME, LAST_NAME, AGE, PHONE) 
VALUES (308664597, 'Tom', 'Buskila', 28, 528707232);

INSERT INTO TENANT (TENANT_ID, FIRST_NAME, LAST_NAME, AGE, PHONE) 
VALUES (330144569, 'Tomer', 'Peri', 28, 522459902);

INSERT INTO TENANT (TENANT_ID, FIRST_NAME, LAST_NAME, AGE, PHONE) 
VALUES (221165485, 'Omri', 'Levinstien', 22, 546448791);

INSERT INTO TENANT (TENANT_ID, FIRST_NAME, LAST_NAME, AGE, PHONE) 
VALUES (204145349, 'Irad', 'Bar', 29, 576687131);

INSERT INTO TENANT (TENANT_ID, FIRST_NAME, LAST_NAME, AGE, PHONE) 
VALUES (204654478, 'Ron', 'Tal', 21, 543312929);

INSERT INTO TENANT (TENANT_ID, FIRST_NAME, LAST_NAME, AGE, PHONE) 
VALUES (206452137, 'Levi', 'Schehter', 24, 522916687);

INSERT INTO TENANT (TENANT_ID, FIRST_NAME, LAST_NAME, AGE, PHONE) 
VALUES (320557498, 'Roni', 'Porter', 24, 523635547);

INSERT INTO TENANT (TENANT_ID, FIRST_NAME, LAST_NAME, AGE, PHONE) 
VALUES (350569874, 'Orel', 'Zan', 26, 508285547);

INSERT INTO TENANT (TENANT_ID, FIRST_NAME, LAST_NAME, AGE, PHONE) 
VALUES (313215747, 'Hen', 'Goldberg', 33, 506548787);

INSERT INTO TENANT (TENANT_ID, FIRST_NAME, LAST_NAME, AGE, PHONE) 
VALUES (312679137, 'Nofar', 'Ginsberg', 30, 509896541);

INSERT INTO TENANT (TENANT_ID, FIRST_NAME, LAST_NAME, AGE, PHONE) 
VALUES (204875432, 'Ofek', 'Aharon', 29, 501236665);

-- import APRTMENT_TENANTS Table

INSERT INTO APARTMENT_TENANTS (APARTMENT_ID, TENANT_ID, RATE, LAST_VOTE_DATE) 
VALUES (1, 204573044, 2100, to_date('25-May-21', 'DD-MON-RR'));

INSERT INTO APARTMENT_TENANTS (APARTMENT_ID, TENANT_ID, RATE, LAST_VOTE_DATE) 
VALUES (2, 313548970, 1800, to_date('24-May-21', 'DD-MON-RR'));

INSERT INTO APARTMENT_TENANTS (APARTMENT_ID, TENANT_ID, RATE, LAST_VOTE_DATE) 
VALUES (3, 321164578, 2200, to_date('25-May-21', 'DD-MON-RR'));

INSERT INTO APARTMENT_TENANTS (APARTMENT_ID, TENANT_ID, RATE, LAST_VOTE_DATE) 
VALUES (4, 203224684, 2200, to_date('25-May-21', 'DD-MON-RR'));

INSERT INTO APARTMENT_TENANTS (APARTMENT_ID, TENANT_ID, RATE, LAST_VOTE_DATE) 
VALUES (5, 202546791, 2300, to_date('24-May-21', 'DD-MON-RR'));

INSERT INTO APARTMENT_TENANTS (APARTMENT_ID, TENANT_ID, RATE, LAST_VOTE_DATE) 
VALUES (6, 204579231, 2100, to_date('24-May-21', 'DD-MON-RR'));

INSERT INTO APARTMENT_TENANTS (APARTMENT_ID, TENANT_ID, RATE, LAST_VOTE_DATE) 
VALUES (7, 214597456, 2500, NULL);

INSERT INTO APARTMENT_TENANTS (APARTMENT_ID, TENANT_ID, RATE, LAST_VOTE_DATE) 
VALUES (8, 226547891, 2700, NULL);

INSERT INTO APARTMENT_TENANTS (APARTMENT_ID, TENANT_ID, RATE, LAST_VOTE_DATE) 
VALUES (9, 235445789, 2700, to_date('30-May-21', 'DD-MON-RR'));

INSERT INTO APARTMENT_TENANTS (APARTMENT_ID, TENANT_ID, RATE, LAST_VOTE_DATE) 
VALUES (10, 345561842, 2600, to_date('24-May-21', 'DD-MON-RR'));

INSERT INTO APARTMENT_TENANTS (APARTMENT_ID, TENANT_ID, RATE, LAST_VOTE_DATE) 
VALUES (11, 215433664, 3000, to_date('1-Jun-21', 'DD-MON-RR'));

INSERT INTO APARTMENT_TENANTS (APARTMENT_ID, TENANT_ID, RATE, LAST_VOTE_DATE) 
VALUES (12, 369842154, 3000, to_date('24-May-21', 'DD-MON-RR'));

INSERT INTO APARTMENT_TENANTS (APARTMENT_ID, TENANT_ID, RATE, LAST_VOTE_DATE) 
VALUES (3, 313654789, 2100, to_date('1-Jun-21', 'DD-MON-RR'));

INSERT INTO APARTMENT_TENANTS (APARTMENT_ID, TENANT_ID, RATE, LAST_VOTE_DATE) 
VALUES (3, 201269457, 2100, to_date('24-May-21', 'DD-MON-RR'));

INSERT INTO APARTMENT_TENANTS (APARTMENT_ID, TENANT_ID, RATE, LAST_VOTE_DATE) 
VALUES (1, 205668941, 2000, to_date('1-Jun-21', 'DD-MON-RR'));

INSERT INTO APARTMENT_TENANTS (APARTMENT_ID, TENANT_ID, RATE, LAST_VOTE_DATE) 
VALUES (2, 206987423, 1900, to_date('24-May-21', 'DD-MON-RR'));

INSERT INTO APARTMENT_TENANTS (APARTMENT_ID, TENANT_ID, RATE, LAST_VOTE_DATE) 
VALUES (6, 305496671, 2200, to_date('24-May-21', 'DD-MON-RR'));

INSERT INTO APARTMENT_TENANTS (APARTMENT_ID, TENANT_ID, RATE, LAST_VOTE_DATE) 
VALUES (4, 300665482, 2200, to_date('1-Jun-21', 'DD-MON-RR'));

INSERT INTO APARTMENT_TENANTS (APARTMENT_ID, TENANT_ID, RATE, LAST_VOTE_DATE) 
VALUES (4, 311654789, 2400, to_date('25-May-21', 'DD-MON-RR'));

INSERT INTO APARTMENT_TENANTS (APARTMENT_ID, TENANT_ID, RATE, LAST_VOTE_DATE) 
VALUES (5, 202235466, 2300, to_date('26-May-21', 'DD-MON-RR'));

INSERT INTO APARTMENT_TENANTS (APARTMENT_ID, TENANT_ID, RATE, LAST_VOTE_DATE) 
VALUES (5, 207998453, 2300, to_date('27-May-21', 'DD-MON-RR'));

INSERT INTO APARTMENT_TENANTS (APARTMENT_ID, TENANT_ID, RATE, LAST_VOTE_DATE) 
VALUES (8, 308664597, 2700, to_date('25-May-21', 'DD-MON-RR'));

INSERT INTO APARTMENT_TENANTS (APARTMENT_ID, TENANT_ID, RATE, LAST_VOTE_DATE) 
VALUES (8, 330144569, 2700, to_date('25-May-21', 'DD-MON-RR'));

INSERT INTO APARTMENT_TENANTS (APARTMENT_ID, TENANT_ID, RATE, LAST_VOTE_DATE) 
VALUES (11, 221165485, 3100, to_date('30-May-21', 'DD-MON-RR'));

INSERT INTO APARTMENT_TENANTS (APARTMENT_ID, TENANT_ID, RATE, LAST_VOTE_DATE) 
VALUES (11, 204145349, 3200, to_date('26-May-21', 'DD-MON-RR'));

INSERT INTO APARTMENT_TENANTS (APARTMENT_ID, TENANT_ID, RATE, LAST_VOTE_DATE) 
VALUES (9, 204654478, 2800, to_date('1-Jun-21', 'DD-MON-RR'));

INSERT INTO APARTMENT_TENANTS (APARTMENT_ID, TENANT_ID, RATE, LAST_VOTE_DATE) 
VALUES (11, 206452137, 3400, NULL);

INSERT INTO APARTMENT_TENANTS (APARTMENT_ID, TENANT_ID, RATE, LAST_VOTE_DATE) 
VALUES (11, 320557498, 3000, NULL);

INSERT INTO APARTMENT_TENANTS (APARTMENT_ID, TENANT_ID, RATE, LAST_VOTE_DATE) 
VALUES (9, 350569874, 2600, NULL);

INSERT INTO APARTMENT_TENANTS (APARTMENT_ID, TENANT_ID, RATE, LAST_VOTE_DATE) 
VALUES (12, 313215747, 3200, NULL);

INSERT INTO APARTMENT_TENANTS (APARTMENT_ID, TENANT_ID, RATE, LAST_VOTE_DATE) 
VALUES (12, 312679137, 3200, to_date('30-May-21', 'DD-MON-RR'));

INSERT INTO APARTMENT_TENANTS (APARTMENT_ID, TENANT_ID, RATE, LAST_VOTE_DATE) 
VALUES (12, 204875432, 3200, to_date('30-May-21', 'DD-MON-RR'));

-- import APRTMENT_PAYMENTS Table

INSERT INTO APARTMENT_PAYMENTS (PAYMENT_ID, APARTMENT_ID, MONTH, PAYMENT_DATE, AMOUNT) 
VALUES (1, 1, to_date('1/May/21', 'DD-MON-RR'), to_date('24-May-21', 'DD-MON-RR'), 2100);

INSERT INTO APARTMENT_PAYMENTS (PAYMENT_ID, APARTMENT_ID, MONTH, PAYMENT_DATE, AMOUNT) 
VALUES (2, 2, to_date('1/May/21', 'DD-MON-RR'), to_date('25-May-21', 'DD-MON-RR'), 1800);

INSERT INTO APARTMENT_PAYMENTS (PAYMENT_ID, APARTMENT_ID, MONTH, PAYMENT_DATE, AMOUNT) 
VALUES (3, 3, to_date('1/May/21', 'DD-MON-RR'), to_date('3-Jun-21', 'DD-MON-RR'), 2200);

INSERT INTO APARTMENT_PAYMENTS (PAYMENT_ID, APARTMENT_ID, MONTH, PAYMENT_DATE, AMOUNT) 
VALUES (4, 4, to_date('1/May/21', 'DD-MON-RR'), to_date('27-May-21', 'DD-MON-RR'), 2200);

INSERT INTO APARTMENT_PAYMENTS (PAYMENT_ID, APARTMENT_ID, MONTH, PAYMENT_DATE, AMOUNT) 
VALUES (5, 5, to_date('1/May/21', 'DD-MON-RR'), to_date('5-Jun-21', 'DD-MON-RR'), 2300);

INSERT INTO APARTMENT_PAYMENTS (PAYMENT_ID, APARTMENT_ID, MONTH, PAYMENT_DATE, AMOUNT) 
VALUES (6, 6, to_date('1/May/21', 'DD-MON-RR'), to_date('24-May-21', 'DD-MON-RR'), 2100);

INSERT INTO APARTMENT_PAYMENTS (PAYMENT_ID, APARTMENT_ID, MONTH, PAYMENT_DATE, AMOUNT) 
VALUES (7, 7, to_date('1/May/21', 'DD-MON-RR'), to_date('30-May-21', 'DD-MON-RR'), 2500);

INSERT INTO APARTMENT_PAYMENTS (PAYMENT_ID, APARTMENT_ID, MONTH, PAYMENT_DATE, AMOUNT) 
VALUES (8, 8, to_date('1/May/21', 'DD-MON-RR'), to_date('5-Jun-21', 'DD-MON-RR'), 2700);

INSERT INTO APARTMENT_PAYMENTS (PAYMENT_ID, APARTMENT_ID, MONTH, PAYMENT_DATE, AMOUNT) 
VALUES (9, 9, to_date('1/May/21', 'DD-MON-RR'), to_date('1-Jun-21', 'DD-MON-RR'), 2700);

INSERT INTO APARTMENT_PAYMENTS (PAYMENT_ID, APARTMENT_ID, MONTH, PAYMENT_DATE, AMOUNT) 
VALUES (10, 10, to_date('1/May/21', 'DD-MON-RR'), to_date('2-Jun-21', 'DD-MON-RR'), 2600);

INSERT INTO APARTMENT_PAYMENTS (PAYMENT_ID, APARTMENT_ID, MONTH, PAYMENT_DATE, AMOUNT) 
VALUES (11, 11, to_date('1/May/21', 'DD-MON-RR'), to_date('3-Jun-21', 'DD-MON-RR'), 3000);

INSERT INTO APARTMENT_PAYMENTS (PAYMENT_ID, APARTMENT_ID, MONTH, PAYMENT_DATE, AMOUNT) 
VALUES (12, 12, to_date('1/May/21', 'DD-MON-RR'), to_date('4-Jun-21', 'DD-MON-RR'), 3000);

INSERT INTO APARTMENT_PAYMENTS (PAYMENT_ID, APARTMENT_ID, MONTH, PAYMENT_DATE, AMOUNT) 
VALUES (13, 3, to_date('1/Jun/21', 'DD-MON-RR'), to_date('5-Jun-21', 'DD-MON-RR'), 2100);

INSERT INTO APARTMENT_PAYMENTS (PAYMENT_ID, APARTMENT_ID, MONTH, PAYMENT_DATE, AMOUNT) 
VALUES (14, 3, to_date('1/Jun/21', 'DD-MON-RR'), to_date('6-Jun-21', 'DD-MON-RR'), 2100);

INSERT INTO APARTMENT_PAYMENTS (PAYMENT_ID, APARTMENT_ID, MONTH, PAYMENT_DATE, AMOUNT) 
VALUES (15, 1, to_date('1/May/21', 'DD-MON-RR'), to_date('7-Jun-21', 'DD-MON-RR'), 2000);

INSERT INTO APARTMENT_PAYMENTS (PAYMENT_ID, APARTMENT_ID, MONTH, PAYMENT_DATE, AMOUNT) 
VALUES (16, 2, to_date('1/May/21', 'DD-MON-RR'), to_date('8-Jun-21', 'DD-MON-RR'), 1900);

INSERT INTO APARTMENT_PAYMENTS (PAYMENT_ID, APARTMENT_ID, MONTH, PAYMENT_DATE, AMOUNT) 
VALUES (17, 6, to_date('1/Jun/21', 'DD-MON-RR'), to_date('9-Jun-21', 'DD-MON-RR'), 2200);

INSERT INTO APARTMENT_PAYMENTS (PAYMENT_ID, APARTMENT_ID, MONTH, PAYMENT_DATE, AMOUNT) 
VALUES (18, 4, to_date('1/May/21', 'DD-MON-RR'), to_date('10-Jun-21', 'DD-MON-RR'), 2200);

INSERT INTO APARTMENT_PAYMENTS (PAYMENT_ID, APARTMENT_ID, MONTH, PAYMENT_DATE, AMOUNT) 
VALUES (19, 4, to_date('1/May/21', 'DD-MON-RR'), to_date('11-Jun-21', 'DD-MON-RR'), 2400);

INSERT INTO APARTMENT_PAYMENTS (PAYMENT_ID, APARTMENT_ID, MONTH, PAYMENT_DATE, AMOUNT) 
VALUES (20, 5, to_date('1/May/21', 'DD-MON-RR'), to_date('12-Jun-21', 'DD-MON-RR'), 2300);

INSERT INTO APARTMENT_PAYMENTS (PAYMENT_ID, APARTMENT_ID, MONTH, PAYMENT_DATE, AMOUNT) 
VALUES (21, 5, to_date('1/Jun/21', 'DD-MON-RR'), to_date('1-Aug-21', 'DD-MON-RR'), 2300);

INSERT INTO APARTMENT_PAYMENTS (PAYMENT_ID, APARTMENT_ID, MONTH, PAYMENT_DATE, AMOUNT) 
VALUES (22, 8, to_date('1/Jun/21', 'DD-MON-RR'), to_date('1-Aug-21', 'DD-MON-RR'), 5400);

INSERT INTO APARTMENT_PAYMENTS (PAYMENT_ID, APARTMENT_ID, MONTH, PAYMENT_DATE, AMOUNT) 
VALUES (23, 8, to_date('1/Jun/21', 'DD-MON-RR'), to_date('1-Aug-21', 'DD-MON-RR'), 5400);

INSERT INTO APARTMENT_PAYMENTS (PAYMENT_ID, APARTMENT_ID, MONTH, PAYMENT_DATE, AMOUNT) 
VALUES (24, 11, to_date('1/Jun/21', 'DD-MON-RR'), to_date('2-Aug-21', 'DD-MON-RR'), 6200);

INSERT INTO APARTMENT_PAYMENTS (PAYMENT_ID, APARTMENT_ID, MONTH, PAYMENT_DATE, AMOUNT) 
VALUES (25, 11, to_date('1/Jun/21', 'DD-MON-RR'), to_date('2-Aug-21', 'DD-MON-RR'), 6400);

INSERT INTO APARTMENT_PAYMENTS (PAYMENT_ID, APARTMENT_ID, MONTH, PAYMENT_DATE, AMOUNT) 
VALUES (26, 9, to_date('1/Jun/21', 'DD-MON-RR'), to_date('1-Aug-21', 'DD-MON-RR'), 2800);

INSERT INTO APARTMENT_PAYMENTS (PAYMENT_ID, APARTMENT_ID, MONTH, PAYMENT_DATE, AMOUNT) 
VALUES (27, 11, to_date('1/Jul/21', 'DD-MON-RR'), to_date('1-Sep-21', 'DD-MON-RR'), 3400);

INSERT INTO APARTMENT_PAYMENTS (PAYMENT_ID, APARTMENT_ID, MONTH, PAYMENT_DATE, AMOUNT) 
VALUES (28, 11, to_date('1/Jul/21', 'DD-MON-RR'), to_date('1-Sep-21', 'DD-MON-RR'), 3000);

INSERT INTO APARTMENT_PAYMENTS (PAYMENT_ID, APARTMENT_ID, MONTH, PAYMENT_DATE, AMOUNT) 
VALUES (29, 9, to_date('1/Jul/21', 'DD-MON-RR'), to_date('1-Sep-21', 'DD-MON-RR'), 2600);

INSERT INTO APARTMENT_PAYMENTS (PAYMENT_ID, APARTMENT_ID, MONTH, PAYMENT_DATE, AMOUNT) 
VALUES (30, 12, to_date('1/Jul/21', 'DD-MON-RR'), to_date('1-Sep-21', 'DD-MON-RR'), 3200);

INSERT INTO APARTMENT_PAYMENTS (PAYMENT_ID, APARTMENT_ID, MONTH, PAYMENT_DATE, AMOUNT) 
VALUES (31, 12, to_date('1/Jul/21', 'DD-MON-RR'), to_date('1-Sep-21', 'DD-MON-RR'), 3200);

INSERT INTO APARTMENT_PAYMENTS (PAYMENT_ID, APARTMENT_ID, MONTH, PAYMENT_DATE, AMOUNT) 
VALUES (32, 12, to_date('1/Jul/21', 'DD-MON-RR'), to_date('1-Sep-21', 'DD-MON-RR'), 3200);

-- import CANDIDATES Table

INSERT INTO CANDIDATES (CANDIDATE_ID, ELECTIONS_DATE, NUM_SUPPORTERS, STATUS) 
VALUES (204573044, to_date('08/31/2021', 'MM/DD/YY'), 0, 'not elected');

INSERT INTO CANDIDATES (CANDIDATE_ID, ELECTIONS_DATE, NUM_SUPPORTERS, STATUS) 
VALUES (313548970, to_date('08/31/2021', 'MM/DD/YY'), 2, 'not elected');

INSERT INTO CANDIDATES (CANDIDATE_ID, ELECTIONS_DATE, NUM_SUPPORTERS, STATUS) 
VALUES (321164578, to_date('08/31/2021', 'MM/DD/YY'), 5, 'not elected');

INSERT INTO CANDIDATES (CANDIDATE_ID, ELECTIONS_DATE, NUM_SUPPORTERS, STATUS) 
VALUES (203224684, to_date('08/31/2021', 'MM/DD/YY'), 8, 'elected');

INSERT INTO CANDIDATES (CANDIDATE_ID, ELECTIONS_DATE, NUM_SUPPORTERS, STATUS) 
VALUES (202546791, to_date('08/31/2021', 'MM/DD/YY'), 2, 'not elected');

INSERT INTO CANDIDATES (CANDIDATE_ID, ELECTIONS_DATE, NUM_SUPPORTERS, STATUS) 
VALUES (204579231, to_date('08/31/2021', 'MM/DD/YY'), 3, 'not elected');

INSERT INTO CANDIDATES (CANDIDATE_ID, ELECTIONS_DATE, NUM_SUPPORTERS, STATUS) 
VALUES (214597456, to_date('08/31/2021', 'MM/DD/YY'), 4, 'not elected');

INSERT INTO CANDIDATES (CANDIDATE_ID, ELECTIONS_DATE, NUM_SUPPORTERS, STATUS) 
VALUES (226547891, to_date('08/31/2021', 'MM/DD/YY'), 8, 'elected');

INSERT INTO CANDIDATES (CANDIDATE_ID, ELECTIONS_DATE, NUM_SUPPORTERS, STATUS) 
VALUES (235445789, to_date('08/31/2021', 'MM/DD/YY'), 9, 'elected');

INSERT INTO CANDIDATES (CANDIDATE_ID, ELECTIONS_DATE, NUM_SUPPORTERS, STATUS) 
VALUES (345561842, to_date('08/31/2021', 'MM/DD/YY'), 2, 'not elected');

INSERT INTO CANDIDATES (CANDIDATE_ID, ELECTIONS_DATE, NUM_SUPPORTERS, STATUS) 
VALUES (215433664, to_date('08/31/2021', 'MM/DD/YY'), 0, 'not elected');

INSERT INTO CANDIDATES (CANDIDATE_ID, ELECTIONS_DATE, NUM_SUPPORTERS, STATUS) 
VALUES (369842154, to_date('08/31/2021', 'MM/DD/YY'), 1, 'not elected');

-- import CONTRACTORS Table

INSERT INTO CONTRACTORS (CONTRACTOR_ID, CONTRACTOR_NAME, ADDRESS) 
VALUES (245432256, 'Avi Mizrachi', 'Serlin Yosef 40 Holon');

INSERT INTO CONTRACTORS (CONTRACTOR_ID, CONTRACTOR_NAME, ADDRESS) 
VALUES (987678765, 'Ben Zacahi', 'Sokolov 30 Tel Aviv');

INSERT INTO CONTRACTORS (CONTRACTOR_ID, CONTRACTOR_NAME, ADDRESS) 
VALUES (654235247, 'Dan Kissilevitz', 'Rotman 22 Rosh Aayn');

INSERT INTO CONTRACTORS (CONTRACTOR_ID, CONTRACTOR_NAME, ADDRESS) 
VALUES (213233567, 'Kiril Bortman', 'Batyamon 2 Bat Yam');

INSERT INTO CONTRACTORS (CONTRACTOR_ID, CONTRACTOR_NAME, ADDRESS) 
VALUES (234321234, 'Zohar Zaborski', 'Azocher Zichron Yaakov ');

INSERT INTO CONTRACTORS (CONTRACTOR_ID, CONTRACTOR_NAME, ADDRESS) 
VALUES (345543213, 'Netanel Mizrahi', 'Galia 1 Moshav Galia');

INSERT INTO CONTRACTORS (CONTRACTOR_ID, CONTRACTOR_NAME, ADDRESS) 
VALUES (313222787, 'Max Levi', 'Near Beach Natania');

INSERT INTO CONTRACTORS (CONTRACTOR_ID, CONTRACTOR_NAME, ADDRESS) 
VALUES (123321277, 'Tal Nitzan', 'Glil Yam Herzelia');

INSERT INTO CONTRACTORS (CONTRACTOR_ID, CONTRACTOR_NAME, ADDRESS) 
VALUES (432321268, 'Omer Lev Ron', 'Nitzana Rishon lezion');

INSERT INTO CONTRACTORS (CONTRACTOR_ID, CONTRACTOR_NAME, ADDRESS) 
VALUES (313255665, 'Sam Medina', 'Ahon 30 Holon');

-- import MAINTENANCE_PLAN Table

INSERT INTO MAINTENANCE_PLAN (PLAN_ID, STATUS, DESCRIPTION) 
VALUES (1, 'approved', 'Monthly cleanup');

INSERT INTO MAINTENANCE_PLAN (PLAN_ID, STATUS, DESCRIPTION) 
VALUES (2, 'declined', 'Shower has been renewed recently');

INSERT INTO MAINTENANCE_PLAN (PLAN_ID, STATUS, DESCRIPTION) 
VALUES (3, 'waiting', 'Building''s pipes cleanup - to be approved');

INSERT INTO MAINTENANCE_PLAN (PLAN_ID, STATUS, DESCRIPTION) 
VALUES (4, 'approved', 'yearly paint job for the building surrounding');

INSERT INTO MAINTENANCE_PLAN (PLAN_ID, STATUS, DESCRIPTION) 
VALUES (5, 'approved', 'update security cameras and NVR firmware');

INSERT INTO MAINTENANCE_PLAN (PLAN_ID, STATUS, DESCRIPTION) 
VALUES (6, 'declined', 'A new contractor should be found.');

INSERT INTO MAINTENANCE_PLAN (PLAN_ID, STATUS, DESCRIPTION) 
VALUES (7, 'declined', 'Not in the budget');

INSERT INTO MAINTENANCE_PLAN (PLAN_ID, STATUS, DESCRIPTION) 
VALUES (8, 'approved', 'A new contractor to handle the yard.');

INSERT INTO MAINTENANCE_PLAN (PLAN_ID, STATUS, DESCRIPTION) 
VALUES (9, 'waiting', NULL);

INSERT INTO MAINTENANCE_PLAN (PLAN_ID, STATUS, DESCRIPTION) 
VALUES (10, 'declined', 'Not in the budget');

-- import JOBS Table

INSERT INTO JOBS (JOB_ID, JOB_TYPE, TENANT_ID, DESCRIPTION) 
VALUES (1, 'horticulture', 204573044, 'Work on the yard');

INSERT INTO JOBS (JOB_ID, JOB_TYPE, TENANT_ID, DESCRIPTION) 
VALUES (2, 'plumbing', 313548970, 'Clogging in the bath');

INSERT INTO JOBS (JOB_ID, JOB_TYPE, TENANT_ID, DESCRIPTION) 
VALUES (3, 'renovation', 321164578, 'Painting the apartment');

INSERT INTO JOBS (JOB_ID, JOB_TYPE, TENANT_ID, DESCRIPTION) 
VALUES (4, 'renovation', 203224684, 'Painting the apartment');

INSERT INTO JOBS (JOB_ID, JOB_TYPE, TENANT_ID, DESCRIPTION) 
VALUES (5, 'horticulture', 202546791, 'Work on the yard');

INSERT INTO JOBS (JOB_ID, JOB_TYPE, TENANT_ID, DESCRIPTION) 
VALUES (6, 'plumbing', 204579231, 'Clogging in the bath');

INSERT INTO JOBS (JOB_ID, JOB_TYPE, TENANT_ID, DESCRIPTION) 
VALUES (7, 'security', 214597456, 'security system maintenance');

INSERT INTO JOBS (JOB_ID, JOB_TYPE, TENANT_ID, DESCRIPTION) 
VALUES (8, 'renovation', 226547891, 'Shower renewal');

INSERT INTO JOBS (JOB_ID, JOB_TYPE, TENANT_ID, DESCRIPTION) 
VALUES (9, 'renovation', 235445789, 'yearly paint job');

INSERT INTO JOBS (JOB_ID, JOB_TYPE, TENANT_ID, DESCRIPTION) 
VALUES (10, 'plumbing', 345561842, 'clogged toilet');

INSERT INTO JOBS (JOB_ID, JOB_TYPE, TENANT_ID, DESCRIPTION) 
VALUES (11, 'horticulture', 215433664, 'Work on the yard');

INSERT INTO JOBS (JOB_ID, JOB_TYPE, TENANT_ID, DESCRIPTION) 
VALUES (12, 'plumbing', 369842154, 'clogged toilet');

INSERT INTO JOBS (JOB_ID, JOB_TYPE, TENANT_ID, DESCRIPTION) 
VALUES (13, 'cleaning', 313654789, 'Cleaning the building');

INSERT INTO JOBS (JOB_ID, JOB_TYPE, TENANT_ID, DESCRIPTION) 
VALUES (14, 'plumbing', 226547891, 'Building''s pipes cleanup');

-- import JOBS_PLANS Table

INSERT INTO JOBS_PLANS (PLAN_ID, JOB_ID) 
VALUES (1, 13);

INSERT INTO JOBS_PLANS (PLAN_ID, JOB_ID) 
VALUES (2, 8);

INSERT INTO JOBS_PLANS (PLAN_ID, JOB_ID) 
VALUES (3, 14);

INSERT INTO JOBS_PLANS (PLAN_ID, JOB_ID) 
VALUES (4, 9);

INSERT INTO JOBS_PLANS (PLAN_ID, JOB_ID) 
VALUES (5, 7);

INSERT INTO JOBS_PLANS (PLAN_ID, JOB_ID) 
VALUES (6, 5);

INSERT INTO JOBS_PLANS (PLAN_ID, JOB_ID) 
VALUES (7, 3);

INSERT INTO JOBS_PLANS (PLAN_ID, JOB_ID) 
VALUES (8, 1);

INSERT INTO JOBS_PLANS (PLAN_ID, JOB_ID) 
VALUES (9, 12);

INSERT INTO JOBS_PLANS (PLAN_ID, JOB_ID) 
VALUES (10, 4);

-- import JOBS_BIDS Table

INSERT INTO JOBS_BIDS (CONTRACTOR_ID, JOB_ID, PRICE) 
VALUES (245432256, 1, 2000);

INSERT INTO JOBS_BIDS (CONTRACTOR_ID, JOB_ID, PRICE) 
VALUES (987678765, 2, 5000);

INSERT INTO JOBS_BIDS (CONTRACTOR_ID, JOB_ID, PRICE) 
VALUES (654235247, 3, 1200);

INSERT INTO JOBS_BIDS (CONTRACTOR_ID, JOB_ID, PRICE) 
VALUES (213233567, 4, 500);

INSERT INTO JOBS_BIDS (CONTRACTOR_ID, JOB_ID, PRICE) 
VALUES (234321234, 5, 6000);

INSERT INTO JOBS_BIDS (CONTRACTOR_ID, JOB_ID, PRICE) 
VALUES (345543213, 6, 1400);

INSERT INTO JOBS_BIDS (CONTRACTOR_ID, JOB_ID, PRICE) 
VALUES (313222787, 7, 200);

INSERT INTO JOBS_BIDS (CONTRACTOR_ID, JOB_ID, PRICE) 
VALUES (123321277, 8, 2000);

INSERT INTO JOBS_BIDS (CONTRACTOR_ID, JOB_ID, PRICE) 
VALUES (432321268, 9, 3250);

INSERT INTO JOBS_BIDS (CONTRACTOR_ID, JOB_ID, PRICE) 
VALUES (313255665, 10, 1000);

INSERT INTO JOBS_BIDS (CONTRACTOR_ID, JOB_ID, PRICE) 
VALUES (123321277, 11, 900);

INSERT INTO JOBS_BIDS (CONTRACTOR_ID, JOB_ID, PRICE) 
VALUES (432321268, 12, 1050);

INSERT INTO JOBS_BIDS (CONTRACTOR_ID, JOB_ID, PRICE) 
VALUES (313255665, 13, 3500);

INSERT INTO JOBS_BIDS (CONTRACTOR_ID, JOB_ID, PRICE) 
VALUES (432321268, 14, 2900);

-- import CONTRACTORS_PAYMENTS Table

INSERT INTO CONTRACTORS_PAYMENTS (PAYMENT_ID, JOB_ID, "date", PRICE, PAYMENT_DESCRIPTION) 
VALUES (1, 4, to_date('24-May-21', 'DD-MON-RR'), 500, '1 payment of 500');

INSERT INTO CONTRACTORS_PAYMENTS (PAYMENT_ID, JOB_ID, "date", PRICE, PAYMENT_DESCRIPTION) 
VALUES (2, 5, to_date('25-May-21', 'DD-MON-RR'), 6000, '6 payment of 1000');

INSERT INTO CONTRACTORS_PAYMENTS (PAYMENT_ID, JOB_ID, "date", PRICE, PAYMENT_DESCRIPTION) 
VALUES (3, 10, to_date('30-Oct-21', 'DD-MON-RR'), 1000, '2 payment of 500');

INSERT INTO CONTRACTORS_PAYMENTS (PAYMENT_ID, JOB_ID, "date", PRICE, PAYMENT_DESCRIPTION) 
VALUES (4, 11, to_date('1-Nov-21', 'DD-MON-RR'), 900, '3 payment of 300');

INSERT INTO CONTRACTORS_PAYMENTS (PAYMENT_ID, JOB_ID, "date", PRICE, PAYMENT_DESCRIPTION) 
VALUES (5, 12, to_date('2-Nov-21', 'DD-MON-RR'), 1050, '1 payment of 1050');

INSERT INTO CONTRACTORS_PAYMENTS (PAYMENT_ID, JOB_ID, "date", PRICE, PAYMENT_DESCRIPTION) 
VALUES (6, 13, to_date('11-Nov-21', 'DD-MON-RR'), 3500, '7 payment of 500');

INSERT INTO CONTRACTORS_PAYMENTS (PAYMENT_ID, JOB_ID, "date", PRICE, PAYMENT_DESCRIPTION) 
VALUES (7, 6, to_date('30-Jun-21', 'DD-MON-RR'), 2000, '4 payment of 500');

INSERT INTO CONTRACTORS_PAYMENTS (PAYMENT_ID, JOB_ID, "date", PRICE, PAYMENT_DESCRIPTION) 
VALUES (8, 7, to_date('23-Jul-21', 'DD-MON-RR'), 2000, '2 payment of 1000');

INSERT INTO CONTRACTORS_PAYMENTS (PAYMENT_ID, JOB_ID, "date", PRICE, PAYMENT_DESCRIPTION) 
VALUES (9, 8, to_date('1-Jun-21', 'DD-MON-RR'), 3250, '1 payment of 3250');

INSERT INTO CONTRACTORS_PAYMENTS (PAYMENT_ID, JOB_ID, "date", PRICE, PAYMENT_DESCRIPTION) 
VALUES (10, 9, to_date('10-Jun-21', 'DD-MON-RR'), 1000, '10 payment of 100');
